{"cameraMode":{"drawMode":0,"name":"Shaded","section":"Shading Mode"},"sceneLighting":false,"audioPlay":false,"sceneViewState":{"showFog":true,"showMaterialUpdate":false,"showSkybox":true,"showFlares":true,"showImageEffects":true,"showParticleSystems":true},"in2DMode":false,"pivot":{"x":4.511114120483398,"y":-1.515604019165039,"z":-6.040724754333496},"rotation":{"x":-0.1284875124692917,"y":0.7614790797233582,"z":-0.1590406447649002,"w":-0.6158857941627502},"size":22.712078094482423,"orthographic":false}