{"cameraMode":{"drawMode":0,"name":"Shaded","section":"Shading Mode"},"sceneLighting":false,"audioPlay":false,"sceneViewState":{"showFog":true,"showMaterialUpdate":false,"showSkybox":false,"showFlares":true,"showImageEffects":true,"showParticleSystems":true},"in2DMode":false,"pivot":{"x":-8.265947341918946,"y":0.26598870754241946,"z":1.1215263605117798},"rotation":{"x":-0.08871259540319443,"y":0.6680715680122376,"z":-0.08085409551858902,"w":-0.7344813346862793},"size":8.106541633605957,"orthographic":false}