{"cameraMode":{"drawMode":0,"name":"Shaded","section":"Shading Mode"},"sceneLighting":false,"audioPlay":false,"sceneViewState":{"showFog":true,"showMaterialUpdate":false,"showSkybox":false,"showFlares":true,"showImageEffects":true,"showParticleSystems":true},"in2DMode":false,"pivot":{"x":0.0,"y":1.9618549346923829,"z":1.4901161193847657e-8},"rotation":{"x":-0.01722106523811817,"y":-0.9724702835083008,"z":0.22082968056201936,"w":-0.0749756246805191},"size":0.9804272055625916,"orthographic":false}