{"cameraMode":{"drawMode":0,"name":"Shaded","section":"Shading Mode"},"sceneLighting":false,"audioPlay":false,"sceneViewState":{"showFog":true,"showMaterialUpdate":false,"showSkybox":false,"showFlares":true,"showImageEffects":true,"showParticleSystems":true},"in2DMode":false,"pivot":{"x":-6.944826602935791,"y":0.6362564563751221,"z":1.0933200120925904},"rotation":{"x":-0.1336483508348465,"y":0.38023826479911806,"z":-0.055794309824705127,"w":-0.9136935472488403},"size":3.962879180908203,"orthographic":false}