{"cameraMode":{"drawMode":0,"name":"Shaded","section":"Shading Mode"},"sceneLighting":false,"audioPlay":false,"sceneViewState":{"showFog":true,"showMaterialUpdate":false,"showSkybox":false,"showFlares":true,"showImageEffects":true,"showParticleSystems":true},"in2DMode":false,"pivot":{"x":-5.996573448181152,"y":0.8451322317123413,"z":0.573049783706665},"rotation":{"x":-0.09821026027202606,"y":0.7384939193725586,"z":-0.1104452982544899,"w":-0.6581587791442871},"size":3.962879180908203,"orthographic":false}