{"cameraMode":{"drawMode":0,"name":"Shaded","section":"Shading Mode"},"sceneLighting":false,"audioPlay":false,"sceneViewState":{"showFog":true,"showMaterialUpdate":false,"showSkybox":true,"showFlares":true,"showImageEffects":true,"showParticleSystems":true},"in2DMode":false,"pivot":{"x":-5.236043453216553,"y":1.3523929119110108,"z":4.049790382385254},"rotation":{"x":-0.06029270216822624,"y":-0.0152385663241148,"z":0.0010396521538496018,"w":-0.9985522627830505},"size":2.4887092113494875,"orthographic":false}