{"cameraMode":{"drawMode":0,"name":"Shaded","section":"Shading Mode"},"sceneLighting":false,"audioPlay":false,"sceneViewState":{"showFog":true,"showMaterialUpdate":false,"showSkybox":false,"showFlares":true,"showImageEffects":true,"showParticleSystems":true},"in2DMode":false,"pivot":{"x":-14.90429401397705,"y":1.604923963546753,"z":-5.159209728240967},"rotation":{"x":-0.034085892140865329,"y":-0.6091363430023193,"z":0.025900354608893396,"w":-0.792268693447113},"size":0.9804284572601318,"orthographic":false}