{"cameraMode":{"drawMode":0,"name":"Shaded","section":"Shading Mode"},"sceneLighting":false,"audioPlay":false,"sceneViewState":{"showFog":true,"showMaterialUpdate":false,"showSkybox":true,"showFlares":true,"showImageEffects":true,"showParticleSystems":true},"in2DMode":false,"pivot":{"x":-3.5577564239501955,"y":0.6981620788574219,"z":7.817448616027832},"rotation":{"x":-0.012456906028091908,"y":0.5063060522079468,"z":0.007813053205609322,"w":0.8628007173538208},"size":8.95336627960205,"orthographic":false}