{"cameraMode":{"drawMode":0,"name":"Shaded","section":"Shading Mode"},"sceneLighting":false,"audioPlay":false,"sceneViewState":{"showFog":true,"showMaterialUpdate":false,"showSkybox":false,"showFlares":true,"showImageEffects":true,"showParticleSystems":true},"in2DMode":false,"pivot":{"x":0.13085997104644776,"y":2.3238067626953127,"z":0.2866840362548828},"rotation":{"x":0.33479228615760805,"y":0.01778409816324711,"z":-0.006231711246073246,"w":0.9425121545791626},"size":4.666904449462891,"orthographic":false}