{"cameraMode":{"drawMode":0,"name":"Shaded","section":"Shading Mode"},"sceneLighting":false,"audioPlay":false,"sceneViewState":{"showFog":true,"showMaterialUpdate":false,"showSkybox":true,"showFlares":true,"showImageEffects":true,"showParticleSystems":true},"in2DMode":false,"pivot":{"x":-4.988008499145508,"y":1.179301142692566,"z":8.874860763549805},"rotation":{"x":0.09891235828399658,"y":0.07877812534570694,"z":-0.00748491520062089,"w":0.992441713809967},"size":2.4887092113494875,"orthographic":false}