{"cameraMode":{"drawMode":0,"name":"Shaded","section":"Shading Mode"},"sceneLighting":false,"audioPlay":false,"sceneViewState":{"showFog":true,"showMaterialUpdate":false,"showSkybox":true,"showFlares":true,"showImageEffects":true,"showParticleSystems":true},"in2DMode":false,"pivot":{"x":-6.682765007019043,"y":1.087287425994873,"z":4.189971446990967},"rotation":{"x":-0.06639131903648377,"y":0.46972909569740298,"z":-0.035475969314575198,"w":-0.8801590800285339},"size":1.7747678756713868,"orthographic":false}