{"cameraMode":{"drawMode":0,"name":"Shaded","section":"Shading Mode"},"sceneLighting":false,"audioPlay":false,"sceneViewState":{"showFog":true,"showMaterialUpdate":false,"showSkybox":false,"showFlares":true,"showImageEffects":true,"showParticleSystems":true},"in2DMode":false,"pivot":{"x":-3.721072196960449,"y":0.4175112843513489,"z":7.164706707000732},"rotation":{"x":-0.09825786203145981,"y":0.13254785537719727,"z":-0.013309643603861332,"w":-0.9862995147705078},"size":8.106541633605957,"orthographic":false}