{"cameraMode":{"drawMode":0,"name":"Shaded","section":"Shading Mode"},"sceneLighting":false,"audioPlay":false,"sceneViewState":{"showFog":true,"showMaterialUpdate":false,"showSkybox":true,"showFlares":true,"showImageEffects":true,"showParticleSystems":true},"in2DMode":false,"pivot":{"x":-2.1234121322631838,"y":1.5963189601898194,"z":5.239937782287598},"rotation":{"x":-0.07606980949640274,"y":0.8459467887878418,"z":-0.12554489076137544,"w":-0.5128880143165588},"size":-2.054765462875366,"orthographic":false}