{"cameraMode":{"drawMode":0,"name":"Shaded","section":"Shading Mode"},"sceneLighting":false,"audioPlay":false,"sceneViewState":{"showFog":true,"showMaterialUpdate":false,"showSkybox":false,"showFlares":true,"showImageEffects":true,"showParticleSystems":true},"in2DMode":false,"pivot":{"x":0.5110139846801758,"y":1.9907987117767335,"z":-1.5482439994812012},"rotation":{"x":-0.1213851124048233,"y":-0.2213083952665329,"z":0.02766020968556404,"w":-0.9673194289207459},"size":8.106541633605957,"orthographic":false}