{"cameraMode":{"drawMode":0,"name":"Shaded","section":"Shading Mode"},"sceneLighting":true,"audioPlay":false,"sceneViewState":{"showFog":true,"showMaterialUpdate":false,"showSkybox":true,"showFlares":true,"showImageEffects":true,"showParticleSystems":true},"in2DMode":false,"pivot":{"x":-7.818681716918945,"y":3.755040407180786,"z":9.221867561340332},"rotation":{"x":-0.01722106523811817,"y":-0.9724702835083008,"z":0.22082968056201936,"w":-0.0749756246805191},"size":1.7593066692352296,"orthographic":false}