{"cameraMode":{"drawMode":0,"name":"Shaded","section":"Shading Mode"},"sceneLighting":false,"audioPlay":false,"sceneViewState":{"showFog":true,"showMaterialUpdate":false,"showSkybox":true,"showFlares":true,"showImageEffects":true,"showParticleSystems":true},"in2DMode":false,"pivot":{"x":-8.477923393249512,"y":1.4718036651611329,"z":3.933070659637451},"rotation":{"x":-0.05748653784394264,"y":0.7042967677116394,"z":-0.05743202567100525,"w":-0.7059428095817566},"size":1.763505220413208,"orthographic":false}