{"cameraMode":{"drawMode":0,"name":"Shaded","section":"Shading Mode"},"sceneLighting":true,"audioPlay":false,"sceneViewState":{"showFog":true,"showMaterialUpdate":false,"showSkybox":true,"showFlares":true,"showImageEffects":true,"showParticleSystems":true},"in2DMode":false,"pivot":{"x":-1.7547104358673096,"y":2.8864736557006838,"z":-1.8061823844909669},"rotation":{"x":-0.26640310883522036,"y":0.10159242898225784,"z":0.028206121176481248,"w":0.9581365585327148},"size":7.002435684204102,"orthographic":false}