{"cameraMode":{"drawMode":0,"name":"Shaded","section":"Shading Mode"},"sceneLighting":true,"audioPlay":false,"sceneViewState":{"showFog":true,"showMaterialUpdate":false,"showSkybox":true,"showFlares":true,"showImageEffects":true,"showParticleSystems":true},"in2DMode":false,"pivot":{"x":-8.15135669708252,"y":2.5380842685699465,"z":-1.455592155456543},"rotation":{"x":0.18693089485168458,"y":-0.6278092265129089,"z":0.15882672369480134,"w":0.7387695908546448},"size":2.8578836917877199,"orthographic":false}